Student,GENDER_CD,CLASS_YR,Fall_2011,Freshman
67130,F,2012,Columbus,Charleston
101400,F,2012,Providence,Fargo
118306,F,2012,Dallas,Detroit
30533,M,2012,New York,Detroit
185911,M,2012,New York,Newark
149681,M,2012,Baltimore,Fargo
212190,F,2012,New York,Fargo
213526,F,2012,Baltimore,Nashville
159865,M,2012,New York,Newark
125349,M,2012,Tulsa,Newark
134041,F,2012,New York,Topeka
67920,F,2012,New York,Scranton
131055,M,2012,New York,Charleston
186556,M,2012,Fargo,Charleston
204004,F,2012,Charleston,Scranton
82286,M,2012,Birmingham,Nashville
106830,M,2012,Baltimore,Charleston
50237,F,2012,Baltimore,Indianapolis
39729,M,2012,Providence,Topeka
36190,F,2012,New York,Nashville
122706,M,2012,Dallas,Topeka
208771,M,2012,Providence,Indianapolis
17699,F,2012,Eugene,Nashville
29704,F,2012,Eugene,Nashville
19788,F,2012,New York,Newark
134444,M,2012,New York,Newark
16498,F,2012,Scranton,Scranton
141064,F,2012,Detroit,Nashville
43399,M,2012,New York,Indianapolis
53082,F,2012,Baltimore,Fargo
57756,F,2012,New York,Nashville
138820,M,2012,Baltimore,Fargo
98404,M,2012,New York,Detroit
176281,M,2012,New York,Newark
163306,M,2012,Providence,Detroit
90966,F,2012,Fargo,Fargo
121977,F,2012,New York,Nashville
75094,F,2012,Baltimore,Scranton
76879,F,2012,New York,Topeka
108394,F,2012,Seattle,Nashville
94205,F,2012,New York,Scranton
45183,M,2012,Baltimore,Charleston
73833,M,2012,Dallas,Detroit
157144,F,2012,Madison,Indianapolis
176703,F,2012,Scranton,Scranton
113208,M,2012,Baltimore,Fargo
14052,F,2012,New York,Detroit
152336,F,2012,Columbus,Charleston
124863,M,2012,New York,Charleston
203162,M,2012,New York,Fargo
75492,M,2012,Columbus,Nashville
116049,M,2012,New York,Nashville
112714,F,2012,New York,Topeka
213569,M,2012,Baltimore,Fargo
172043,M,2012,Scranton,Detroit
9437,F,2012,New York,Topeka
197789,F,2012,Baltimore,Fargo
183809,F,2012,Columbus,Charleston
38534,M,2012,Columbus,Topeka
212280,F,2012,New York,Fargo
127293,M,2012,Newark,Nashville
144377,M,2012,New York,Indianapolis
154295,F,2012,Atlanta,Detroit
181929,F,2012,Providence,Nashville
59258,M,2012,Providence,Detroit
182686,M,2012,New York,Scranton
73033,M,2012,Baltimore,Detroit
150545,M,2012,New York,Newark
98207,F,2012,New York,Charleston
96615,M,2012,Baltimore,Fargo
175708,M,2012,Columbus,Topeka
139837,F,2012,New York,Fargo
205232,F,2012,Baltimore,Topeka
191979,M,2012,Dallas,Detroit
102669,M,2012,Providence,Detroit
5512,F,2012,New York,Newark
107855,F,2012,Columbus,Charleston
69857,F,2012,New York,Indianapolis
142480,M,2012,Tulsa,Indianapolis
181655,M,2012,Columbus,Newark
58692,F,2012,Baltimore,Charleston
56226,F,2012,Baltimore,Topeka
14908,M,2012,New York,Scranton
168626,F,2012,New York,Charleston
193493,M,2012,New York,Indianapolis
163948,F,2012,Columbus,Newark
47986,M,2012,Columbus,Newark
180642,F,2012,New York,Detroit
165933,F,2012,Providence,Topeka
765,F,2012,Baltimore,Fargo
188984,F,2012,New York,Topeka
62049,M,2012,Columbus,Detroit
153463,M,2012,New York,Scranton
95020,M,2012,New York,Indianapolis
56493,F,2012,New York,Nashville
4057,M,2012,New York,Topeka
83960,F,2012,New York,Topeka
209573,M,2012,New York,Charleston
68422,M,2012,New York,Indianapolis
40254,F,2012,New York,Fargo
154727,F,2012,New York,Indianapolis
191120,M,2012,Providence,Topeka
16917,M,2012,Topeka,Fargo
22742,M,2012,Baltimore,Fargo
108857,M,2012,Hartford,Scranton
38252,M,2012,New York,Detroit
127147,M,2012,New York,Fargo
199689,F,2013,Seattle,Fargo
200912,M,2013,Providence,Topeka
123538,M,2013,Providence,Fargo
68334,F,2013,Chicago,Nashville
74194,F,2013,Tulsa,Fargo
201378,F,2013,Eugene,Newark
87587,F,2013,Detroit,Topeka
65957,F,2013,Eugene,Fargo
33108,M,2013,Baltimore,Topeka
204407,M,2013,Providence,Nashville
89950,M,2013,Providence,Detroit
70083,M,2013,Providence,Nashville
47439,M,2013,Baltimore,Scranton
27197,F,2013,Dallas,Charleston
62771,M,2013,Seattle,Nashville
133014,F,2013,Seattle,Fargo
183061,F,2013,Providence,Fargo
115041,M,2013,New York,Nashville
50816,M,2013,New Orleans,Fargo
44508,M,2013,Providence,Topeka
68233,M,2013,Providence,Newark
45057,F,2013,Tulsa,Fargo
24159,F,2013,Baltimore,Scranton
170812,M,2013,Tulsa,Charleston
45869,F,2013,Providence,Scranton
107193,M,2013,Pittsburgh,Pittsburgh
107916,F,2013,Scranton,Nashville
190451,F,2013,New York,Nashville
158579,M,2013,Tulsa,Nashville
118810,M,2013,Providence,Detroit
140574,M,2013,Scranton,Scranton
114159,F,2013,Eugene,Eugene
137225,F,2013,Birmingham,Scranton
181342,F,2013,New York,Charleston
153689,M,2013,Providence,Nashville
91656,F,2013,Eugene,Charleston
133361,F,2013,Providence,Indianapolis
139841,F,2013,Providence,Nashville
173592,M,2013,New York,Topeka
192731,M,2013,Baltimore,Indianapolis
54095,F,2013,Providence,Detroit
75885,M,2013,Providence,Detroit
52204,M,2013,Dallas,Scranton
169871,M,2013,Columbus,Detroit
52486,M,2013,Providence,Charleston
28889,F,2013,Baltimore,Newark
196689,M,2013,Providence,Detroit
88533,F,2013,Eugene,Charleston
168635,F,2013,Providence,Newark
155128,M,2013,New York,Topeka
130997,M,2013,Baltimore,Fargo
57287,F,2013,Santa Fe,Fargo
105427,F,2013,Providence,Newark
17135,F,2013,Scranton,Indianapolis
163641,F,2013,Eugene,Scranton
34668,M,2013,Santa Fe,Nashville
41291,F,2013,Providence,Newark
64347,M,2013,Providence,Fargo
179683,M,2013,New York,Topeka
39114,M,2013,Eugene,Topeka
170157,F,2013,Providence,Nashville
148480,F,2013,Providence,Fargo
79521,F,2013,Providence,Nashville
29777,M,2013,Baltimore,Fargo
192113,M,2013,Providence,Newark
22384,F,2013,Providence,Newark
125236,M,2013,Columbus,Nashville
144664,M,2013,New York,Nashville
38446,F,2013,Birmingham,Topeka
8222,F,2013,New Orleans,Nashville
34087,F,2013,Eugene,Newark
182730,M,2013,Providence,Newark
213679,F,2013,Providence,Scranton
13498,F,2013,Providence,Fargo
49386,F,2013,New York,Nashville
192416,F,2013,Providence,Newark
200422,F,2013,New York,Detroit
195315,M,2013,Providence,Detroit
95316,F,2013,New Orleans,Charleston
136284,M,2013,Eugene,Topeka
123892,M,2013,Providence,Fargo
12282,M,2013,Providence,Nashville
22760,M,2013,Eugene,Indianapolis
37709,F,2013,Santa Fe,Detroit
31431,F,2013,Providence,Nashville
105476,M,2013,New Orleans,Fargo
81669,M,2013,Providence,Indianapolis
110603,M,2013,Providence,Topeka
6987,F,2013,Eugene,Scranton
89540,M,2013,Eugene,Indianapolis
195049,F,2013,New Orleans,Nashville
172952,M,2013,Fargo,Fargo
52024,M,2013,Detroit,Indianapolis
45247,F,2013,Indianapolis,Topeka
184475,F,2013,Providence,Newark
176681,F,2013,Baltimore,Nashville
76391,M,2013,Providence,Newark
131636,F,2013,Los Angeles,Indianapolis
137824,F,2013,Providence,Fargo
143066,M,2013,Baltimore,Indianapolis
133122,M,2013,Eugene,Charleston
185925,F,2013,Boise,Fargo
93529,F,2013,Providence,Indianapolis
116129,F,2013,Atlanta,Topeka
99716,M,2013,Detroit,Indianapolis
68470,M,2013,Charleston,Newark
203302,F,2013,Providence,Nashville
166498,M,2013,Baltimore,Topeka
201133,M,2013,Tulsa,Newark
188598,M,2013,Santa Fe,Topeka
158171,F,2013,Tulsa,Indianapolis
121094,F,2013,Providence,Fargo
188306,M,2013,Baltimore,Detroit
2829,M,2013,Nashville,Nashville
85125,F,2013,Baltimore,Newark
98575,M,2013,Baltimore,Nashville
26450,M,2013,Eugene,Detroit
70242,M,2013,Detroit,Detroit
145047,M,2013,Providence,Scranton
55787,F,2013,Eugene,Fargo
131439,M,2013,Eugene,Detroit
6394,F,2013,Providence,Topeka
182774,F,2013,Providence,Detroit
61436,M,2013,Providence,Scranton
122350,M,2013,Eugene,Charleston
39010,M,2013,Baltimore,Nashville
56164,F,2013,Dallas,Charleston
22885,M,2013,Providence,Nashville
62097,M,2013,Hartford,Nashville
103665,F,2013,Eugene,Fargo
93431,F,2013,Providence,Detroit
189593,F,2013,Providence,Newark
136947,F,2013,Detroit,Topeka
101395,M,2013,New York,Fargo
173501,F,2013,Santa Fe,Topeka
125090,F,2013,Providence,Indianapolis
142931,M,2013,Providence,Nashville
137674,F,2013,New York,Indianapolis
144307,M,2013,Columbus,Nashville
103484,M,2013,Baltimore,Fargo
42219,F,2013,Scranton,Nashville
107777,M,2013,Providence,Detroit
108000,F,2013,Providence,Indianapolis
177402,F,2013,Tulsa,Detroit
58857,M,2013,Columbus,Nashville
142528,F,9999,Baltimore,N/A
71751,F,9999,New Orleans,N/A
73997,F,9999,New Orleans,N/A
144659,M,2011,Baltimore,Indianapolis
99420,F,2011,New York,Nashville
74381,M,2011,Baltimore,Nashville
34712,F,2011,Baltimore,Indianapolis
183158,M,2011,Baltimore,Nashville
92233,M,2011,Baltimore,Indianapolis
145506,M,2011,Baltimore,Scranton
110214,F,2011,Columbus,Charleston
15417,F,2012,Providence,Newark
191921,F,2012,New York,Charleston
208390,M,2012,Providence,Detroit
128939,M,2012,Atlanta,Detroit
39867,F,2012,New York,Indianapolis
194761,M,2012,Providence,Fargo
37397,M,2012,Providence,Scranton
118947,F,2012,New York,Scranton
158188,M,2012,New York,Charleston
133942,F,2012,Providence,Providence
111062,F,2012,Seattle,Nashville
9346,M,2012,New York,Nashville
161671,M,2012,Providence,Indianapolis
159917,M,2012,New York,Fargo
52134,M,2012,Columbus,Scranton
76358,M,2012,New York,Scranton
33646,M,2012,New York,Fargo
82916,F,2012,New York,Topeka
74462,F,2012,New York,Fargo
138143,M,2012,Baltimore,Charleston
53085,M,2012,New York,Scranton
136992,M,2012,New York,Charleston
101480,F,2012,New York,Indianapolis
19107,F,2012,New York,Nashville
132186,M,2012,Columbus,Topeka
126551,F,2012,New York,Topeka
206267,M,2012,Columbus,Scranton
87659,M,2012,Baltimore,Nashville
22570,F,2012,New York,New York
201933,M,2012,Columbus,Charleston
51405,M,2012,Providence,Nashville
160907,M,2012,Tulsa,Detroit
71156,F,2012,Topeka,Fargo
18102,M,2012,New York,Indianapolis
82367,F,2012,New York,Detroit
177043,F,2012,Tulsa,Detroit
169903,F,2012,Baltimore,Fargo
123192,F,2012,New York,Fargo
108841,F,2012,New York,Scranton
46846,M,2012,New York,Topeka
206994,F,2012,New York,Indianapolis
47219,M,2012,Providence,Detroit
100918,M,2012,Columbus,Newark
191772,M,2012,Indianapolis,Indianapolis
52652,F,2012,New York,Detroit
179829,M,2012,New York,Detroit
188266,F,2012,Columbus,Fargo
61688,M,2012,New York,Indianapolis
6645,F,2012,New York,Charleston
91118,F,2012,New York,Detroit
5111,F,2012,New York,Nashville
125571,F,2012,New York,Topeka
7981,F,2012,New York,Fargo
54543,F,2012,New York,Charleston
134335,M,2012,Eugene,Nashville
109945,F,2012,Providence,Nashville
67785,F,2012,New York,Newark
68222,M,2012,New York,Indianapolis
170818,M,2012,New York,Indianapolis
193034,M,2012,New York,Topeka
35601,F,2012,Baltimore,Fargo
116383,M,2012,New York,Fargo
166806,M,2012,Nashville,Scranton
124941,F,2012,Providence,Nashville
74597,M,2012,Columbus,Indianapolis
199402,F,2012,Nashville,Nashville
75679,M,2012,Baltimore,Fargo
12712,F,2012,New York,Topeka
166339,M,2012,New York,Indianapolis
191070,F,2012,New York,Indianapolis
202103,M,2012,New York,Newark
79467,M,2012,New York,Nashville
185323,M,2012,Columbus,Scranton
147487,F,2012,Baltimore,Fargo
37444,F,2012,New York,Indianapolis
42645,M,2012,New York,Indianapolis
25336,F,2012,New York,Scranton
85596,M,2012,Birmingham,Fargo
105143,F,2012,Eugene,Nashville
130636,M,2012,New York,Nashville
102406,F,2012,Eugene,Nashville
59994,F,2012,New York,Indianapolis
113922,F,2012,New York,Charleston
75973,F,2012,New York,Scranton
33811,M,2012,Eugene,Detroit
157927,M,2012,Baltimore,Fargo
135843,F,2012,Baltimore,Indianapolis
177096,M,2012,New York,Topeka
89926,M,2012,Columbus,Nashville
130386,F,2012,Baltimore,Fargo
115349,F,2012,Providence,Topeka
127168,F,2012,New York,Nashville
16527,F,2012,Columbus,Newark
63019,M,2012,Baltimore,Nashville
59371,F,2012,Baltimore,Fargo
125665,M,2012,New York,Fargo
170187,M,2012,Baltimore,Topeka
170055,F,2012,Baltimore,Fargo
70800,F,2012,Baltimore,Nashville
126781,F,2012,Seattle,Detroit
54141,M,2012,Columbus,Indianapolis
181821,M,2012,Providence,Detroit
211298,F,2012,Baltimore,Nashville
21601,F,2012,New York,Detroit
138718,M,2012,Columbus,Detroit
27101,M,2012,New York,Fargo
107783,M,2012,New York,Detroit
104030,F,2012,New York,Topeka
199971,F,2012,Baltimore,Indianapolis
188898,F,2012,Baltimore,Fargo
106099,M,2012,New York,Fargo
101201,M,2012,New York,Scranton
77110,M,2012,Providence,Charleston
24283,F,2012,New York,Nashville
152540,F,2012,New York,Indianapolis
205820,F,2012,Providence,Nashville
176010,F,2012,Baltimore,Fargo
3474,F,2012,New York,Fargo
35666,M,2012,New York,Indianapolis
150951,F,2012,New York,Charleston
21074,M,2012,Columbus,Indianapolis
124378,F,2012,New York,Newark
110383,M,2012,Columbus,Topeka
61705,M,2012,Baltimore,Fargo
95525,F,2012,Baltimore,Fargo
39528,F,2012,Providence,Topeka
113616,M,2012,Providence,Topeka
211211,M,2012,Providence,Indianapolis
100535,M,2012,New York,Scranton
88931,F,2012,New York,Newark
62306,F,2012,Santa Fe,Fargo
157955,F,2012,New York,Topeka
206694,F,2012,Columbus,Scranton
120164,M,2012,New York,Nashville
169810,F,2012,New York,Nashville
103163,F,2012,New York,Detroit
23943,F,2012,New York,Newark
169022,F,2012,New York,Charleston
133117,F,2012,New York,Indianapolis
134443,F,2012,New York,Scranton
66196,F,2012,Providence,Indianapolis
120483,M,2012,Baltimore,Topeka
119039,F,2012,Providence,Nashville
131695,M,2012,New York,Newark
83061,F,2012,New York,Detroit
45840,M,2012,Providence,Topeka
134339,M,2012,Baltimore,Detroit
20363,M,2012,Columbus,Indianapolis
139632,M,2012,New York,Topeka
118345,F,2012,Baltimore,Fargo
43758,M,2012,Columbus,Newark
53369,M,2012,New York,Detroit
17898,F,2012,New York,Newark
157809,F,2012,Columbus,Topeka
84449,F,2012,Providence,Fargo
118082,F,2012,New York,Detroit
153384,F,2012,New York,Topeka
69276,M,2012,New York,Scranton
102524,M,2012,New York,Scranton
169442,M,2012,New York,Charleston
33170,F,2012,New York,Charleston
38995,F,2012,Baltimore,Nashville
132390,M,2012,Baltimore,Charleston
57317,F,2012,Dallas,Detroit
167311,M,2012,Baltimore,Scranton
127103,M,2012,New York,Scranton
195382,M,2012,New York,Nashville
178136,F,2012,New York,Nashville
96430,F,2012,Providence,Scranton
157975,F,2012,New York,Indianapolis
116458,F,2012,Tulsa,Fargo
92949,M,2012,Atlanta,Charleston
108655,M,2012,Nashville,Detroit
146866,F,2012,New York,Detroit
3829,M,2012,New York,Indianapolis
20671,F,2012,New York,Scranton
171903,M,2012,Providence,Scranton
192579,F,2012,New York,Charleston
95097,M,2012,New York,Topeka
46137,M,2012,New York,Scranton
204548,M,2012,Scranton,Scranton
193972,M,2012,Baltimore,Fargo
135844,M,2012,Providence,Topeka
199921,F,2012,Atlanta,Newark
61240,M,2012,New York,Topeka
174327,F,2012,New York,Indianapolis
168761,F,2012,New York,Newark
203666,F,2012,Eugene,Nashville
198152,M,2012,Baltimore,Fargo
36325,F,2012,New York,Fargo
206976,M,2012,Providence,Providence
113298,M,2012,New York,Scranton
163277,F,2012,New York,Charleston
162364,M,2012,Columbus,Indianapolis
141556,F,2012,New York,Detroit
172685,M,2012,Providence,Newark
151542,M,2012,Providence,Topeka
17294,F,2012,New York,Scranton
20850,M,2012,New York,Topeka
23851,M,2012,New York,Topeka
96734,F,2012,Newark,Detroit
12740,M,2012,New York,Topeka
179408,F,2012,Eugene,Nashville
132504,F,2012,New York,Charleston
150240,F,2012,Columbus,Detroit
33672,M,2012,Providence,Topeka
30999,M,2012,New York,Charleston
539,F,2012,Eugene,Detroit
134883,M,2012,Baltimore,Fargo
206237,M,2012,New York,Scranton
1064,F,2012,Baltimore,Detroit
18166,F,2012,Baltimore,Fargo
52431,M,2012,New York,Nashville
195989,M,2012,New York,Newark
145308,F,2012,New York,Fargo
121000,M,2012,Providence,Indianapolis
3617,M,2012,Tulsa,Topeka
31014,F,2012,New York,Nashville
43535,M,2012,New York,Newark
105767,F,2012,New York,Detroit
195659,F,2012,Tulsa,Scranton
151287,F,2012,New York,Indianapolis
59759,F,2012,Providence,Charleston
151940,M,2012,Columbus,Indianapolis
161410,M,2012,New York,Nashville
73642,F,2012,Baltimore,Fargo
49133,F,2012,New York,Indianapolis
94846,F,2012,New York,Charleston
16583,F,2012,New York,Indianapolis
132670,F,2012,New York,Newark
107098,M,2012,New York,Charleston
45693,M,2012,New York,Detroit
50509,M,2012,New York,Scranton
90323,F,2012,Baltimore,Fargo
152881,M,2012,New York,Indianapolis
22029,M,2012,New York,Charleston
150603,F,2012,New York,Newark
2803,M,2012,Columbus,Newark
8659,M,2012,New York,Scranton
183740,F,2012,Baltimore,Indianapolis
127986,M,2012,New York,Fargo
139822,M,2012,New York,Indianapolis
100584,M,2013,Providence,Nashville
43185,M,2013,Providence,Indianapolis
18065,M,2013,New Orleans,Charleston
119949,M,2013,New Orleans,Charleston
655,F,2013,Columbus,Detroit
89249,M,2013,Eugene,Newark
124274,M,2013,Santa Fe,Fargo
128359,F,2013,Tulsa,Nashville
42782,M,2013,Scranton,Indianapolis
139933,M,2013,Providence,Indianapolis
147118,F,2013,Seattle,Fargo
64572,F,2013,Providence,Fargo
116802,M,2013,Providence,Newark
27591,F,2013,Eugene,Scranton
148672,M,2013,Providence,Nashville
37768,F,2013,Birmingham,Detroit
85750,M,2013,St. Paul,Topeka
199446,F,2013,Detroit,Newark
170114,F,2013,Scranton,Newark
4360,F,2013,Los Angeles,Topeka
60031,M,2013,Boise,Newark
194468,F,2013,Providence,Indianapolis
175136,M,2013,Providence,Indianapolis
187601,M,2013,Eugene,Fargo
36368,F,2013,Eugene,Scranton
37160,F,2013,Providence,Indianapolis
180645,M,2013,Baltimore,Fargo
153977,M,2013,Providence,Charleston
4913,M,2013,Providence,Indianapolis
118836,F,2013,Providence,Charleston
177394,F,2013,Scranton,Scranton
20088,F,2013,New York,Fargo
120708,M,2013,Providence,Indianapolis
157129,F,2013,Baltimore,Fargo
82578,F,2013,Providence,Scranton
144937,M,2013,Detroit,Nashville
166649,M,2013,Providence,Nashville
204161,M,2013,Detroit,Nashville
12132,F,2013,Baltimore,Charleston
100586,F,2013,Providence,Newark
28573,M,2013,Eugene,Charleston
35583,M,2013,New Orleans,Fargo
127641,M,2013,Baltimore,Detroit
117693,F,2013,Santa Fe,Fargo
143255,M,2013,Scranton,Indianapolis
177475,M,2013,St. Paul,Topeka
101003,M,2013,Providence,Scranton
179917,F,2013,New York,Charleston
209540,M,2013,Providence,Scranton
195663,F,2013,Tulsa,Fargo
126371,M,2013,Eugene,Detroit
75319,M,2013,Scranton,Scranton
105506,F,2013,Detroit,Nashville
171406,F,2013,Los Angeles,Indianapolis
174464,F,2013,Providence,Detroit
202696,M,2013,Eugene,Fargo
6492,F,2013,Providence,Fargo
105018,M,2013,Providence,Indianapolis
11822,F,2013,Providence,Nashville
155864,M,2013,Scranton,Fargo
114908,F,2013,Miami,Nashville
99798,F,2013,Eugene,Nashville
57791,M,2013,St. Paul,Scranton
73119,F,2013,Providence,Newark
157472,F,2013,Los Angeles,Indianapolis
46066,F,2013,Dallas,Charleston
93970,M,2013,Boise,Fargo
108601,F,2013,Providence,Fargo
22360,F,2013,Providence,Scranton
175819,M,2013,Columbus,Topeka
54436,M,2013,Charleston,Detroit
100785,M,2013,Columbus,Topeka
159805,M,2013,Columbus,Topeka
20757,M,2013,Dallas,Charleston
185266,M,2013,Seattle,Detroit
11463,M,2013,New York,Topeka
49159,F,2013,Eugene,Scranton
23081,F,2013,Providence,Indianapolis
67740,M,2013,Dallas,Detroit
104679,F,2013,Baltimore,Detroit
116789,M,2013,Providence,Nashville
37192,F,2013,Eugene,Fargo
133597,F,2013,Eugene,Scranton
107385,M,2013,Eugene,Charleston
19768,M,2013,Eugene,Fargo
211771,M,2013,Eugene,Topeka
37982,F,2013,Providence,Charleston
239,M,2013,Eugene,Topeka
90622,M,2013,Los Angeles,Indianapolis
84144,F,2013,Providence,Indianapolis
194183,M,2013,Providence,Scranton
182792,M,2013,Scranton,Newark
135921,M,2013,Providence,Newark
78554,F,2013,Los Angeles,Topeka
23231,M,2013,Tulsa,Fargo
212066,F,2013,Providence,Fargo
156034,M,2013,Los Angeles,Charleston
67085,M,2013,Providence,Charleston
86702,M,2013,Providence,Fargo
205311,F,2013,New York,Indianapolis
183931,M,2013,Columbus,Detroit
122945,F,2013,Newark,Fargo
28274,M,2013,Indianapolis,Fargo
141251,F,2013,Birmingham,Detroit
27900,F,2013,Eugene,Indianapolis
108721,F,2013,Providence,Charleston
6796,F,2013,Providence,Nashville
82883,M,2013,Providence,Topeka
72402,F,2013,Eugene,Nashville
115881,F,2013,Providence,Nashville
127821,F,2013,Providence,Nashville
80637,M,2013,Providence,Fargo
181651,M,2013,Providence,Newark
47970,M,2013,Providence,Indianapolis
35171,M,2013,Providence,Newark
137748,F,2013,Providence,Nashville
182036,M,2013,Providence,Indianapolis
107924,F,2013,Seattle,Fargo
116806,F,2013,Providence,Nashville
194379,M,2013,Scranton,Nashville
36060,F,2013,Columbus,Topeka
198696,F,2013,Providence,Topeka
64184,M,2013,Tulsa,Nashville
156863,F,2013,New York,Scranton
190462,M,2013,Providence,Charleston
66283,M,2013,Providence,Detroit
115531,F,2013,Atlanta,Indianapolis
206506,M,2013,Providence,Topeka
213051,F,2013,Dallas,Charleston
109328,F,2013,New Orleans,New Orleans
35228,M,2013,Eugene,Fargo
184275,M,2013,Providence,Fargo
148098,M,2013,New Orleans,Scranton
30115,M,2013,Tulsa,Indianapolis
34004,F,2013,Scranton,Newark
189006,M,2013,Providence,Detroit
106309,M,2013,New York,Indianapolis
190580,F,2013,Baltimore,Fargo
156046,F,2013,Baltimore,Scranton
40764,M,2013,Dallas,Newark
208004,F,2013,Providence,Nashville
169979,F,2013,Detroit,Detroit
19992,F,2013,Atlanta,Charleston
116721,M,2013,Eugene,Detroit
123669,M,2013,Providence,Indianapolis
103586,F,2013,New York,Fargo
542,M,2013,Providence,Nashville
163943,M,2013,Providence,Charleston
149193,M,2013,Detroit,Detroit
144428,F,2014,New Orleans,Detroit
90231,F,2014,Madison,Fargo
28259,M,2014,Providence,Scranton
27074,F,2014,Providence,Charleston
185662,F,2014,Chicago,Nashville
38111,F,2014,Madison,Fargo
21626,F,2014,Baltimore,Scranton
58591,F,2014,St. Louis,Detroit
124263,M,2014,Hartford,Nashville
47510,F,2014,Tulsa,Topeka
86746,M,2014,Providence,Charleston
118420,F,2014,Providence,Scranton
71997,M,2014,Dayton,Newark
102003,F,2014,New York,Charleston
156127,M,2014,Providence,Charleston
8866,F,2014,Tulsa,Detroit
9033,M,2014,Hartford,Nashville
93339,M,2014,Providence,Newark
90918,M,2014,New Orleans,Newark
172361,F,2014,Hartford,Nashville
152525,F,2014,Madison,Newark
49534,M,2014,Providence,Topeka
146933,M,2014,Baltimore,Fargo
25489,M,2014,Tulsa,Topeka
134073,F,2014,St. Louis,Nashville
133957,F,2014,New Orleans,Topeka
164659,F,2014,St. Louis,Nashville
63813,F,2014,Hartford,Indianapolis
99471,F,2014,St. Louis,Detroit
90037,F,2014,Baltimore,Detroit
116385,F,2014,Madison,Detroit
170342,M,2014,Hartford,Nashville
134815,F,2014,Pittsburgh,Indianapolis
210905,M,2014,Providence,Detroit
120010,M,2014,Los Angeles,Detroit
109788,F,2014,Chicago,Nashville
59100,M,2014,Dayton,Newark
12313,F,2014,Providence,Nashville
12223,M,2014,Providence,Indianapolis
158733,M,2014,Providence,Topeka
81283,F,2014,Atlanta,Charleston
144394,M,2014,Portland,Scranton
135363,M,2014,Tulsa,Nashville
43200,M,2014,Seattle,Fargo
18665,F,2014,Detroit,Detroit
156856,F,2014,New York,Scranton
140177,F,2014,Madison,Fargo
28012,M,2014,St. Paul,Topeka
159911,M,2014,St. Louis,Scranton
103961,F,2014,New Orleans,Newark
46989,M,2014,Providence,Scranton
144955,M,2014,Hartford,Detroit
14691,M,2014,Providence,Indianapolis
151310,F,2014,Madison,Scranton
115976,M,2014,Nashville,Nashville
131983,F,2014,New Orleans,Indianapolis
139213,M,2014,Hartford,Nashville
207611,M,2014,Dayton,Nashville
53910,F,2014,Chicago,Nashville
102065,M,2014,Pittsburgh,Nashville
146647,M,2014,Madison,Detroit
127151,F,2014,Hartford,Scranton
194975,M,2014,Providence,Scranton
124309,M,2014,Providence,Nashville
151674,M,2014,Madison,Scranton
102973,F,2014,Pittsburgh,Indianapolis
654,M,2014,Pittsburgh,Indianapolis
112506,M,2014,Tulsa,Topeka
203593,F,2014,Santa Fe,Fargo
198551,F,2014,New York,Scranton
85832,M,2014,St. Louis,Nashville
213235,M,2014,Portland,Indianapolis
110315,M,2014,Madison,Fargo
213791,M,2014,Portland,Detroit
45139,M,2014,Madison,Fargo
64523,F,2014,Tulsa,Detroit
138206,F,2014,Los Angeles,Fargo
175996,F,2014,Dayton,Newark
69057,F,2014,Atlanta,Charleston
205588,M,2014,Portland,Scranton
89867,F,2014,Pittsburgh,Nashville
13388,F,2014,Madison,Newark
188656,M,2014,Dayton,Indianapolis
105860,F,2014,Baltimore,Charleston
29052,F,2014,New York,Newark
30352,M,2014,St. Paul,Topeka
146683,F,2014,Providence,Nashville
105015,M,2014,Providence,Detroit
173782,F,2014,New York,New York
172092,M,2014,Seattle,Fargo
54112,M,2014,Hartford,Nashville
175207,M,2014,Providence,Topeka
193811,M,2014,Providence,Detroit
122172,M,2014,Dayton,Charleston
47553,F,2014,St. Paul,Newark
17159,M,2014,Dayton,Newark
5816,F,2014,Pittsburgh,Newark
36069,M,2014,Boise,Fargo
84327,M,2014,Madison,Detroit
169745,M,2014,Birmingham,Nashville
186445,M,2014,Portland,Topeka
164496,F,2014,Madison,Scranton
77660,F,2014,Portland,Scranton
47809,M,2014,Hartford,Nashville
102246,F,2014,Dayton,Detroit
143409,M,2014,New York,Detroit
190621,F,2014,Madison,Topeka
141471,F,2014,St. Paul,Newark
120084,F,2014,Hartford,Nashville
199257,M,2014,Tulsa,Topeka
34148,M,2014,New Orleans,Fargo
149574,F,2014,Dayton,Newark
212501,M,2014,Hartford,Fargo
191925,M,2014,Tulsa,Fargo
38870,M,2014,Providence,Scranton
74318,M,2014,Hartford,Indianapolis
35779,M,2014,St. Paul,St. Paul
98283,F,2014,Tulsa,Indianapolis
213227,M,2014,Tulsa,Scranton
130216,F,2014,Pittsburgh,Topeka
20981,M,2014,St. Paul,Charleston
6106,M,2014,Seattle,Fargo
114017,M,2014,Providence,Detroit
17253,M,2014,Providence,Detroit
108266,F,2014,New York,Newark
124507,M,2014,Tulsa,Detroit
66203,M,2014,Detroit,Topeka
94838,F,2014,Hartford,Indianapolis
45210,F,2014,Dayton,Fargo
178449,M,2014,Portland,Indianapolis
127079,M,2014,Madison,Nashville
106242,F,2014,Tulsa,Scranton
78279,F,2014,Pittsburgh,Nashville
195253,F,2014,Hartford,Detroit
211482,M,2014,Providence,Detroit
128845,F,2014,Seattle,Fargo
9278,F,2014,Hartford,Scranton
125946,M,2014,Hartford,Scranton
81402,F,2014,Portland,Nashville
16153,M,2014,New Orleans,Newark
205308,M,2014,Portland,Detroit
199449,M,2014,New Orleans,Nashville
59026,M,2014,Providence,Scranton
157116,M,2014,Baltimore,Newark
71508,F,2014,St. Louis,Detroit
144173,M,2014,Dayton,Newark
147932,M,2014,Hartford,Indianapolis
205576,M,2014,New York,Indianapolis
179958,M,2014,Hartford,Scranton
128344,F,2014,Baltimore,Indianapolis
188398,F,2014,New Orleans,Indianapolis
32274,M,2014,Tulsa,Scranton
39750,F,2014,St. Louis,Detroit
115463,F,2014,Providence,Indianapolis
161664,F,2014,Atlanta,Detroit
20262,F,2014,Madison,Newark
101755,F,2014,Pittsburgh,Indianapolis
166522,F,2014,Hartford,Topeka
59911,F,2014,Madison,Fargo
206088,M,2014,St. Louis,Detroit
7136,F,2014,St. Louis,Indianapolis
150581,F,2014,Hartford,Indianapolis
2531,M,2014,Dayton,Topeka
10118,M,2014,St. Paul,Topeka
23536,M,2014,St. Louis,Scranton
141187,M,2014,Chicago,Nashville
77215,F,2014,Providence,Topeka
174569,M,2014,Topeka,Newark
20269,M,2014,St. Louis,Detroit
153723,M,2014,Baltimore,Nashville
48408,F,2014,Hartford,Indianapolis
166120,M,2014,Portland,Charleston
7655,F,2014,Hartford,Charleston
67063,M,2014,Atlanta,Charleston
212740,F,2014,Tulsa,Nashville
88961,F,2014,Madison,Fargo
65640,F,2014,Hartford,Detroit
202483,F,2014,Hartford,Newark
184677,M,2014,Atlanta,Charleston
23615,M,2014,Providence,Detroit
47967,M,2014,Tulsa,Topeka
85449,M,2014,Madison,Nashville
21621,F,2014,Detroit,Topeka
189701,M,2014,Baltimore,Topeka
59753,F,2014,St. Paul,Newark
101205,M,2014,Providence,Scranton
114162,M,2014,Atlanta,Charleston
45098,M,2014,Providence,Topeka
142404,M,2014,New York,Charleston
136231,M,2014,Seattle,Fargo
57058,F,2014,Los Angeles,Fargo
186545,F,2014,Madison,Fargo
122824,M,2014,Providence,Topeka
195572,M,2014,Madison,Fargo
133950,M,2014,Hartford,Indianapolis
54376,M,2014,Birmingham,Nashville
189020,F,2014,Tulsa,Scranton
129906,M,2014,Providence,Nashville
83515,F,2014,Hartford,Newark
110854,F,2014,Providence,Detroit
195481,M,2014,Chicago,Nashville
9109,F,2014,Providence,Fargo
189126,M,2014,St. Louis,Charleston
70588,M,2014,Madison,Newark
33700,M,2014,Baltimore,Newark
85587,M,2014,Hartford,Scranton
100039,M,2014,Hartford,Detroit
212834,M,2014,St. Louis,Detroit
17942,M,2014,Pittsburgh,Indianapolis
68374,F,2014,Providence,Indianapolis
177126,M,2014,Hartford,Fargo
44304,F,2014,Madison,Fargo
212399,M,2014,New Orleans,Nashville
182028,M,2014,St. Louis,Detroit
52272,M,2014,Providence,Scranton
32828,F,2014,Dayton,Charleston
186247,M,2014,Providence,Charleston
202409,F,2014,St. Louis,Scranton
143540,F,2014,Chicago,Nashville
173328,M,2014,Providence,Detroit
157660,M,2014,Hartford,Nashville
101264,F,2014,Madison,Fargo
113611,M,2014,Miami,Fargo
39616,M,2014,Detroit,Indianapolis
110784,M,2014,Chicago,Charleston
18784,M,2014,Birmingham,Nashville
205362,F,2014,Pittsburgh,Nashville
46862,M,2014,Madison,Fargo
162189,M,2014,St. Louis,Newark
129571,F,2014,Pittsburgh,Indianapolis
84767,M,2014,Baltimore,Fargo
74327,M,2014,St. Louis,Newark
12964,F,2014,Charleston,Indianapolis
125426,F,2014,Nashville,Topeka
36047,M,2014,Providence,Scranton
161089,F,2014,Madison,Newark
30266,F,2014,St. Louis,Newark
128411,M,2014,Tulsa,Scranton
8466,F,2014,Madison,Charleston
183427,M,2014,Baltimore,Charleston
143156,M,2014,Baltimore,Fargo
30968,M,2014,New Orleans,Nashville
130830,F,2014,Portland,Topeka
202188,F,2014,Pittsburgh,Scranton
49975,F,2014,New Orleans,Topeka
82169,F,2014,St. Louis,Charleston
178372,M,2014,Hartford,Topeka
24688,F,2014,Providence,Scranton
214595,F,2014,St. Paul,Topeka
54617,F,2014,Madison,Fargo
156201,F,2014,Fargo,Fargo
142812,M,2014,Seattle,Fargo
141432,F,2014,St. Paul,Topeka
15098,M,2014,St. Louis,Newark
173430,F,2014,Pittsburgh,Topeka
63517,F,2014,Madison,Charleston
95945,M,2014,New York,Indianapolis
45006,M,2014,St. Paul,Newark
71948,M,2014,Providence,Newark
50222,F,2014,Madison,Newark
154573,F,2014,Portland,Scranton
183434,M,2014,St. Louis,Detroit
96079,F,2014,Atlanta,Charleston
17167,M,2014,Portland,Scranton
110661,M,2014,Providence,Scranton
131032,M,2014,Chicago,Nashville
106585,F,2014,Tulsa,Scranton
17930,M,2014,Providence,Newark
32740,M,2014,Hartford,Newark
29305,F,2014,Chicago,Nashville
97339,M,2014,Hartford,Nashville
29490,F,2014,New Orleans,Fargo
25842,F,2014,Chicago,Nashville
2796,M,2014,Providence,Indianapolis
209803,M,2014,Atlanta,Charleston
88540,M,2014,St. Louis,Detroit
157966,F,2014,Atlanta,Charleston
6456,F,2014,Portland,Scranton
46083,F,2014,Atlanta,Charleston
18882,M,2014,Tulsa,Charleston
12673,M,2014,New Orleans,Fargo
27185,M,2014,Seattle,Fargo
14679,M,2014,Baltimore,Fargo
129221,M,2014,Providence,Nashville
95959,M,2014,Chicago,Nashville
57194,F,2014,Dayton,Newark
60605,F,2014,Baltimore,Fargo
213400,F,2014,Chicago,Nashville
60636,F,2014,Baltimore,Indianapolis
128178,F,2014,Madison,Topeka
112832,F,2014,Providence,Charleston
120330,M,2014,Hartford,Nashville
201643,M,2014,Madison,Newark
19337,F,2014,Pittsburgh,Indianapolis
158858,M,2014,Baltimore,Detroit
136734,F,2014,Dayton,Newark
87882,F,2014,Hartford,Topeka
115978,M,2014,Pittsburgh,Indianapolis
21765,M,2014,Portland,Indianapolis
123427,M,2014,Madison,Charleston
64415,M,2014,Chicago,Nashville
170202,M,2014,Tulsa,Topeka
560,M,2014,Tulsa,Scranton
110454,F,2014,Topeka,Scranton
7584,F,2014,Hartford,Newark
177150,M,2014,Tulsa,Detroit
60620,F,2014,Hartford,Scranton
46508,M,2014,Madison,Fargo
37468,F,2014,Pittsburgh,Topeka
191589,M,2014,Dayton,Newark
151748,M,2014,St. Louis,Charleston
118293,M,2014,Providence,Nashville
170576,F,2014,St. Louis,Detroit
49353,M,2014,Tulsa,Topeka
209136,F,2014,Baltimore,Indianapolis
91475,F,2014,Newark,Indianapolis
167362,F,2014,Portland,Nashville
29974,M,2014,Detroit,Indianapolis
213706,M,2014,Pittsburgh,Indianapolis
96692,F,2014,Providence,Detroit
31230,F,2014,Providence,Charleston
75833,M,2014,Tulsa,Detroit
11462,F,2014,Tulsa,Nashville
107440,F,2014,Madison,Indianapolis
36575,F,2014,Providence,Detroit
91294,F,2014,New Orleans,Charleston
63365,F,2014,Chicago,Nashville
69572,F,2014,Hartford,Charleston
162924,M,2014,Chicago,Nashville
183326,M,2014,Providence,Detroit
9231,F,2014,St. Paul,Scranton
127240,F,2014,Providence,Detroit
78171,F,2014,Tulsa,Scranton
71428,F,2014,Baltimore,Scranton
55800,F,2014,Madison,Detroit
5724,M,2014,Baltimore,Topeka
165261,F,2014,Madison,Fargo
18364,F,2014,Chicago,Nashville
1999,F,2014,Hartford,Newark
164611,F,2014,Baltimore,Detroit
4450,M,2014,St. Louis,Newark
37389,F,2014,Scranton,Nashville
212371,M,2014,Baltimore,Charleston
181321,F,2014,St. Paul,Topeka
109656,F,2014,New Orleans,Detroit
147681,M,2014,Providence,Nashville
204636,F,2014,Madison,Fargo
55293,M,2014,Madison,Fargo
68668,F,2014,Madison,Topeka
200739,F,2014,Tulsa,Nashville
184579,M,2014,Hartford,Fargo
176732,F,2014,Seattle,Fargo
122768,F,2014,Dayton,Newark
204192,F,2014,Pittsburgh,Indianapolis
91076,F,2014,Madison,Fargo
199343,F,2014,Chicago,Nashville
168099,M,2014,Madison,Fargo
192449,F,2014,Madison,Fargo
62429,M,2014,Providence,Topeka
178,M,2014,Providence,Indianapolis
75762,F,2014,Baltimore,Indianapolis
139280,M,2014,Providence,Indianapolis
26463,F,2014,Dallas,Indianapolis
97324,F,2014,Madison,Newark
33572,F,2014,New York,Newark
93423,F,2014,Pittsburgh,Indianapolis
16634,M,2014,Pittsburgh,Indianapolis
76714,M,2014,Providence,Charleston
187825,M,2014,Providence,Scranton
156944,M,2014,Dayton,Charleston
164783,M,2014,Providence,Newark
80872,M,2014,Portland,Indianapolis
28487,F,2014,Atlanta,Charleston
147076,M,2014,Chicago,Indianapolis
56154,M,2014,Pittsburgh,Indianapolis
68769,M,2014,Hartford,Indianapolis
24988,M,2014,Providence,Detroit
19024,M,2014,Providence,Detroit
134452,F,2014,Providence,Detroit
204797,F,2014,Chicago,Nashville
111127,M,2014,St. Louis,Newark
120722,F,2014,Madison,Newark
1306,F,2014,Providence,Nashville
191404,M,2014,Pittsburgh,Indianapolis
158771,M,2014,New Orleans,Charleston
138238,M,2014,Baltimore,Topeka
174044,M,2014,Hartford,Detroit
124013,F,2014,Providence,Detroit
4885,M,2014,Madison,Fargo
214029,M,2014,St. Paul,Topeka
93060,F,2014,Los Angeles,Topeka
74856,F,2014,Detroit,Topeka
8758,F,2014,Tulsa,Nashville
70749,F,2014,Seattle,Fargo
118181,F,2014,Hartford,Scranton
51328,M,2014,Dayton,Indianapolis
171987,M,2014,Pittsburgh,Indianapolis
104954,F,2014,Providence,Nashville
25932,F,2014,Providence,Topeka
96648,M,2014,Chicago,Nashville
64212,F,2014,Madison,Topeka
38868,F,2014,Seattle,Fargo
83144,F,2014,New Orleans,Topeka
177818,M,2014,Madison,Fargo
206934,F,2014,Atlanta,Charleston
166822,F,2014,St. Louis,Detroit
127604,F,2014,Chicago,Nashville
23959,M,2014,Tulsa,Topeka
96463,F,2014,Tulsa,Charleston
52143,F,2014,Tulsa,Scranton
31832,M,2014,Tulsa,Charleston
11523,F,2014,Tulsa,Nashville
582,F,2014,Portland,Newark
107087,M,2014,Providence,Scranton
5687,M,2014,Providence,Scranton
203725,F,2014,Dayton,Charleston
82493,F,2014,Madison,Fargo
200940,M,2014,Madison,Charleston
189167,F,2014,Seattle,Fargo
128678,F,2014,St. Louis,Detroit
176875,F,2014,Chicago,Nashville
28147,M,2014,Hartford,Newark
34975,M,2014,Chicago,Nashville
161508,F,2014,Seattle,Fargo
25754,M,2014,Chicago,Topeka
61358,M,2014,Portland,Indianapolis
13148,F,2014,Providence,Topeka
212232,M,2014,Providence,Nashville
97315,M,2014,St. Louis,St. Louis
47111,M,2014,Madison,Topeka
8321,F,2014,Providence,Fargo
181636,M,2014,Providence,Topeka
31664,F,2014,Baltimore,Indianapolis
183204,F,2014,Portland,Detroit
147342,F,2014,Chicago,Nashville
92291,M,2014,Hartford,Scranton
46180,F,2014,Portland,Nashville
59046,M,2014,Atlanta,Charleston
93635,F,2014,Tulsa,Scranton
186260,M,2014,Pittsburgh,Indianapolis
1434,M,2014,Providence,Charleston
15159,F,2014,Madison,Scranton
87294,F,2014,Pittsburgh,Indianapolis
190863,F,2014,Tulsa,Fargo
41096,F,2014,Atlanta,Charleston
107014,M,2014,Seattle,Fargo
111270,F,2014,St. Louis,Indianapolis
38984,M,2014,Providence,Charleston
147951,F,2014,Tulsa,Scranton
44482,F,2014,Madison,Scranton
98290,M,2014,Madison,Charleston
214656,M,2014,Madison,Fargo
31451,M,2014,Birmingham,Nashville
26646,M,2014,Madison,Nashville
85243,F,2014,Atlanta,Charleston
214288,F,2014,Madison,Newark
158482,F,2014,New Orleans,Topeka
98097,F,2014,Madison,Fargo
148317,F,2014,Hartford,Nashville
70062,F,2014,Hartford,Indianapolis
141631,F,2014,Dayton,Detroit
128067,F,2014,Tulsa,Indianapolis
16479,F,2014,Hartford,Scranton
197514,M,2014,Baltimore,Nashville
146227,M,2014,Atlanta,Charleston
136028,M,2014,New Orleans,Charleston
158887,M,2014,Scranton,Indianapolis
31316,F,2014,Atlanta,Charleston
39384,F,2014,Tulsa,Indianapolis
67846,M,2014,Providence,Newark
180704,M,2014,Los Angeles,Newark
16978,F,2014,Seattle,Fargo
99613,F,2014,Madison,Fargo
192455,M,2014,Providence,Charleston
93117,M,2014,Detroit,Indianapolis
49485,F,2014,Indianapolis,Nashville
103641,F,2014,Baltimore,Nashville
139761,M,2014,Hartford,Scranton
44891,M,2014,Madison,Charleston
199036,F,2014,St. Paul,Topeka
1526,M,2014,Hartford,Scranton
13482,F,2014,Dayton,Newark
134057,F,2014,Portland,Scranton
198843,M,2014,Dayton,Indianapolis
214242,F,2014,Pittsburgh,Detroit
33944,M,2014,Seattle,Fargo
208617,M,2014,Portland,Topeka
64978,M,2014,Baltimore,Newark
94439,F,2014,St. Louis,Detroit
191014,F,2014,Tulsa,Nashville
19117,M,2015,Fargo,Fargo
67689,F,2015,Nashville,Nashville
207472,M,2015,Nashville,Nashville
47138,M,2015,Nashville,Nashville
31945,F,2015,Scranton,Scranton
177888,M,2015,Detroit,Detroit
146744,M,2015,Topeka,Topeka
79888,M,2015,Charleston,Charleston
188862,F,2015,Fargo,Fargo
207286,F,2015,Fargo,Fargo
196130,M,2015,Indianapolis,Indianapolis
141801,M,2015,Topeka,Topeka
41034,M,2015,Newark,Newark
122927,F,2015,Charleston,Charleston
74724,M,2015,Topeka,Topeka
30129,F,2015,Newark,Newark
43234,F,2015,Fargo,Fargo
150756,F,2015,Scranton,Scranton
81739,F,2015,Nashville,Nashville
106268,F,2015,Newark,Newark
152269,M,2015,Scranton,Scranton
144030,F,2015,Fargo,Fargo
44814,F,2015,Nashville,Nashville
18961,F,2015,Charleston,Charleston
211187,M,2015,Fargo,Fargo
172173,F,2015,Detroit,Detroit
39467,F,2015,Topeka,Topeka
122639,M,2015,Topeka,Topeka
124407,F,2015,Indianapolis,Indianapolis
171543,M,2015,Detroit,Detroit
38062,M,2015,Nashville,Nashville
97506,F,2015,Indianapolis,Indianapolis
23853,F,2015,Newark,Newark
148733,F,2015,Scranton,Scranton
96242,M,2015,Charleston,Charleston
80785,M,2015,Nashville,Nashville
105359,M,2015,Fargo,Fargo
134900,F,2015,Detroit,Detroit
118391,F,2015,Topeka,Topeka
49755,F,2015,Detroit,Detroit
113793,M,2015,Detroit,Detroit
171630,F,2015,Nashville,Nashville
19554,F,2015,Newark,Newark
113610,M,2015,Indianapolis,Indianapolis
94755,F,2015,Scranton,Scranton
108502,F,2015,Indianapolis,Indianapolis
166414,M,2015,Topeka,Topeka
146997,F,2015,Fargo,Fargo
66935,M,2015,Fargo,Fargo
195457,F,2015,Charleston,Charleston
166383,M,2015,Scranton,Scranton
172329,M,2015,Indianapolis,Indianapolis
158021,M,2015,Indianapolis,Indianapolis
99395,F,2015,Fargo,Fargo
189566,F,2015,Charleston,Charleston
71968,M,2015,Indianapolis,Indianapolis
107907,M,2015,Newark,Newark
144128,M,2015,Topeka,Topeka
178604,M,2015,Newark,Newark
179931,F,2015,Fargo,Fargo
5011,F,2015,Scranton,Scranton
20060,F,2015,Scranton,Scranton
82683,M,2015,Nashville,Nashville
149689,M,2015,Scranton,Scranton
33960,F,2015,Charleston,Charleston
190232,M,2015,Scranton,Scranton
95500,M,2015,Fargo,Fargo
146420,M,2015,Nashville,Nashville
74127,M,2015,Charleston,Charleston
132627,M,2015,Charleston,Charleston
168126,F,2015,Newark,Newark
168222,M,2015,Newark,Newark
182850,M,2015,Indianapolis,Indianapolis
184656,F,2015,Newark,Newark
135940,F,2015,Nashville,Nashville
31018,M,2015,Charleston,Charleston
70402,M,2015,Scranton,Scranton
110190,F,2015,Fargo,Fargo
140754,M,2015,Charleston,Charleston
136564,F,2015,Detroit,Detroit
25737,M,2015,Newark,Newark
193007,M,2015,Charleston,Charleston
55096,F,2015,Charleston,Charleston
16778,M,2015,Scranton,Scranton
136220,M,2015,Scranton,Scranton
178695,F,2015,Indianapolis,Indianapolis
1846,F,2015,Scranton,Scranton
110514,M,2015,Indianapolis,Indianapolis
194326,M,2015,Fargo,Fargo
129134,F,2015,Charleston,Charleston
48822,M,2015,Newark,Newark
212564,M,2015,Detroit,Detroit
80874,F,2015,Fargo,Fargo
24584,F,2015,Charleston,Charleston
161812,F,2015,Nashville,Nashville
164135,M,2015,Nashville,Nashville
175509,F,2015,Topeka,Topeka
170687,F,2015,Nashville,Nashville
120898,F,2015,Topeka,Topeka
181658,M,2015,Fargo,Fargo
138798,M,2015,Detroit,Detroit
147046,F,2015,Nashville,Nashville
127693,M,2015,Fargo,Fargo
143014,F,2015,Newark,Newark
92387,F,2015,Charleston,Charleston
147579,M,2015,Indianapolis,Indianapolis
59504,M,2015,Topeka,Topeka
134723,F,2015,Detroit,Detroit
55684,F,2015,Topeka,Topeka
91786,F,2015,Detroit,Detroit
94196,F,2015,Indianapolis,Indianapolis
90672,F,2015,Nashville,Nashville
66968,M,2015,Indianapolis,Indianapolis
192107,M,2015,Indianapolis,Indianapolis
21149,M,2015,Topeka,Topeka
23938,F,2015,Nashville,Nashville
96825,M,2015,Topeka,Topeka
201024,F,2015,Scranton,Scranton
132102,F,2015,Detroit,Detroit
83753,F,2015,Detroit,Detroit
118813,M,2015,Fargo,Fargo
73733,M,2015,Indianapolis,Indianapolis
137692,M,2015,Nashville,Nashville
9342,M,2015,Topeka,Topeka
77059,F,2015,Indianapolis,Indianapolis
423,F,2015,Newark,Newark
12382,M,2015,Topeka,Topeka
68867,M,2015,Topeka,Topeka
68818,F,2015,Indianapolis,Indianapolis
204482,M,2015,Charleston,Charleston
201628,F,2015,Charleston,Charleston
153941,F,2015,Detroit,Detroit
65310,F,2015,Scranton,Scranton
124564,F,2015,Detroit,Detroit
81114,F,2015,Newark,Newark
49963,M,2015,Fargo,Fargo
81276,M,2015,Fargo,Fargo
163704,F,2015,Indianapolis,Indianapolis
188987,M,2015,Scranton,Scranton
155198,M,2015,Detroit,Detroit
40919,M,2015,Indianapolis,Indianapolis
17527,F,2015,Scranton,Scranton
143925,M,2015,Nashville,Nashville
74230,F,2015,Indianapolis,Indianapolis
109770,M,2015,Indianapolis,Indianapolis
105514,F,2015,Indianapolis,Indianapolis
72669,F,2015,Fargo,Fargo
87145,M,2015,Indianapolis,Indianapolis
65683,M,2015,Scranton,Scranton
103835,M,2015,Nashville,Nashville
97759,F,2015,Detroit,Detroit
177753,F,2015,Indianapolis,Indianapolis
131801,M,2015,Newark,Newark
4619,F,2015,Detroit,Detroit
195934,F,2015,Nashville,Nashville
213361,F,2015,Detroit,Detroit
200927,M,2015,Nashville,Nashville
176102,F,2015,Topeka,Topeka
105940,M,2015,Detroit,Detroit
11660,F,2015,Nashville,Nashville
137695,M,2015,Newark,Newark
40684,F,2015,Topeka,Topeka
110002,F,2015,Topeka,Topeka
12089,M,2015,Fargo,Fargo
122469,M,2015,Indianapolis,Indianapolis
56148,M,2015,Indianapolis,Indianapolis
132131,F,2015,Newark,Newark
85005,F,2015,Detroit,Detroit
172761,F,2015,Charleston,Charleston
55171,F,2015,Topeka,Topeka
72490,F,2015,Charleston,Charleston
90700,M,2015,Charleston,Charleston
87864,F,2015,Detroit,Detroit
103058,F,2015,Nashville,Nashville
105292,M,2015,Charleston,Charleston
156479,M,2015,Topeka,Topeka
10847,M,2015,Topeka,Topeka
77054,M,2015,Newark,Newark
23166,F,2015,Newark,Newark
125263,M,2015,Newark,Newark
112552,M,2015,Newark,Newark
182131,F,2015,Topeka,Topeka
77119,F,2015,Fargo,Fargo
7244,M,2015,Scranton,Scranton
196223,F,2015,Indianapolis,Indianapolis
85705,M,2015,Indianapolis,Indianapolis
71279,F,2015,Fargo,Fargo
192194,F,2015,Topeka,Topeka
196782,M,2015,Detroit,Detroit
22286,F,2015,Indianapolis,Indianapolis
116377,F,2015,Scranton,Scranton
45978,M,2015,Nashville,Nashville
126051,F,2015,Scranton,Scranton
60649,F,2015,Indianapolis,Indianapolis
208070,M,2015,Topeka,Topeka
2001,M,2015,Fargo,Fargo
71220,F,2015,Detroit,Detroit
191307,F,2015,Newark,Newark
103629,M,2015,Detroit,Detroit
90507,M,2015,Newark,Newark
206832,F,2015,Topeka,Topeka
52337,F,2015,Newark,Newark
90703,F,2015,Scranton,Scranton
192886,F,2015,Scranton,Scranton
79948,M,2015,Charleston,Charleston
51193,M,2015,Fargo,Fargo
109998,M,2015,Charleston,Charleston
82146,F,2015,Charleston,Charleston
190772,M,2015,Fargo,Fargo
141958,F,2015,Charleston,Charleston
78968,M,2015,Indianapolis,Indianapolis
33427,F,2015,Fargo,Fargo
84572,F,2015,Fargo,Fargo
126150,M,2015,Indianapolis,Indianapolis
188538,M,2015,Fargo,Fargo
66121,M,2015,Detroit,Detroit
201194,M,2015,Nashville,Nashville
7249,F,2015,Fargo,Fargo
107305,M,2015,Indianapolis,Indianapolis
46330,F,2015,Newark,Newark
204871,M,2015,Topeka,Topeka
55831,F,2015,Indianapolis,Indianapolis
39213,M,2015,Scranton,Scranton
184455,M,2015,Nashville,Nashville
83051,F,2015,Charleston,Charleston
27451,M,2015,Charleston,Charleston
151036,M,2015,Charleston,Charleston
164813,F,2015,Nashville,Nashville
105426,F,2015,Indianapolis,Indianapolis
86157,M,2015,Detroit,Detroit
156078,M,2015,Nashville,Nashville
201582,M,2015,Fargo,Fargo
61357,F,2015,Nashville,Nashville
85329,M,2015,Indianapolis,Indianapolis
95535,F,2015,Charleston,Charleston
51695,M,2015,Newark,Newark
197823,F,2015,Fargo,Fargo
30222,F,2015,Topeka,Topeka
63588,M,2015,Nashville,Nashville
17939,M,2015,Detroit,Detroit
33557,F,2015,Scranton,Scranton
87160,M,2015,Detroit,Detroit
49541,M,2015,Indianapolis,Indianapolis
77581,F,2015,Nashville,Nashville
139320,F,2015,Detroit,Detroit
87004,F,2015,Fargo,Fargo
114683,M,2015,Detroit,Detroit
131094,M,2015,Detroit,Detroit
37994,M,2015,Charleston,Charleston
109472,F,2015,Topeka,Topeka
80467,F,2015,Charleston,Charleston
152038,F,2015,Indianapolis,Indianapolis
97612,F,2015,Newark,Newark
35735,M,2015,Indianapolis,Indianapolis
76719,M,2015,Scranton,Scranton
70630,F,2015,Newark,Newark
93859,F,2015,Indianapolis,Indianapolis
32999,F,2015,Detroit,Detroit
197259,F,2015,Indianapolis,Indianapolis
158324,F,2015,Newark,Newark
61123,F,2015,Indianapolis,Indianapolis
110658,F,2015,Nashville,Nashville
119309,M,2015,Fargo,Fargo
148447,F,2015,Indianapolis,Indianapolis
149419,M,2015,Fargo,Fargo
156869,F,2015,Charleston,Charleston
53739,M,2015,Indianapolis,Indianapolis
59869,M,2015,Charleston,Charleston
170023,F,2015,Charleston,Charleston
188119,F,2015,Fargo,Fargo
151312,M,2015,Scranton,Scranton
75114,F,2015,Charleston,Charleston
55900,F,2015,Nashville,Nashville
175650,M,2015,Charleston,Charleston
67852,M,2015,Detroit,Detroit
70793,F,2015,Topeka,Topeka
211760,F,2015,Topeka,Topeka
40538,M,2015,Topeka,Topeka
150699,M,2015,Topeka,Topeka
9728,F,2015,Topeka,Topeka
79125,F,2015,Nashville,Nashville
144257,M,2015,Topeka,Topeka
76116,M,2015,Detroit,Detroit
51805,M,2015,Newark,Newark
208029,M,2015,Fargo,Fargo
134838,M,2015,Scranton,Scranton
200728,M,2015,Scranton,Scranton
162068,F,2015,Nashville,Nashville
199039,F,2015,Nashville,Nashville
68537,M,2015,Scranton,Scranton
120903,M,2015,Detroit,Detroit
191898,F,2015,Nashville,Nashville
36835,F,2015,Charleston,Charleston
82318,M,2015,Detroit,Detroit
144819,M,2015,Detroit,Detroit
106476,M,2015,Charleston,Charleston
192062,F,2015,Charleston,Charleston
152761,M,2015,Nashville,Nashville
189867,M,2015,Fargo,Fargo
11023,M,2015,Scranton,Scranton
160756,F,2015,Topeka,Topeka
31511,M,2015,Topeka,Topeka
156327,F,2015,Fargo,Fargo
90299,F,2015,Newark,Newark
78126,F,2015,Topeka,Topeka
50513,M,2015,Fargo,Fargo
129993,M,2015,Detroit,Detroit
65883,F,2015,Nashville,Nashville
148736,M,2015,Charleston,Charleston
109350,F,2015,Topeka,Topeka
185085,F,2015,Scranton,Scranton
8453,M,2015,Detroit,Detroit
209290,F,2015,Detroit,Detroit
174154,F,2015,Nashville,Nashville
87204,F,2015,Topeka,Topeka
206605,F,2015,Nashville,Nashville
86799,F,2015,Indianapolis,Indianapolis
98232,F,2015,Indianapolis,Indianapolis
43765,M,2015,Topeka,Topeka
109688,F,2015,Charleston,Charleston
153231,F,2015,Detroit,Detroit
24645,M,2015,Nashville,Nashville
150636,M,2015,Indianapolis,Indianapolis
33517,F,2015,Topeka,Topeka
40811,M,2015,Scranton,Scranton
207969,M,2015,Indianapolis,Indianapolis
74226,F,2015,Topeka,Topeka
96694,M,2015,Nashville,Nashville
59190,M,2015,Charleston,Charleston
15798,M,2015,Newark,Newark
183373,F,2015,Newark,Newark
102997,M,2015,Indianapolis,Indianapolis
73694,M,2015,Charleston,Charleston
83113,M,2015,Nashville,Nashville
124840,M,2015,Scranton,Scranton
125711,F,2015,Fargo,Fargo
61492,F,2015,Newark,Newark
129299,M,2015,Newark,Newark
14425,F,2015,Charleston,Charleston
92289,F,2015,Fargo,Fargo
144000,M,2015,Fargo,Fargo
35978,F,2015,Indianapolis,Indianapolis
163719,F,2015,Detroit,Detroit
138702,M,2015,Indianapolis,Indianapolis
20915,M,2015,Scranton,Scranton
70479,M,2015,Detroit,Detroit
141321,M,2015,Nashville,Nashville
185870,F,2015,Newark,Newark
157388,F,2015,Detroit,Detroit
207462,F,2015,Newark,Newark
95724,F,2015,Detroit,Detroit
148365,F,2015,Charleston,Charleston
155627,F,2015,Nashville,Nashville
120739,F,2015,Indianapolis,Indianapolis
30928,F,2015,Scranton,Scranton
64414,F,2015,Topeka,Topeka
43848,M,2015,Topeka,Topeka
157841,M,2015,Nashville,Nashville
66204,F,2015,Fargo,Fargo
14227,F,2015,Newark,Newark
212331,M,2015,Charleston,Charleston
119332,M,2015,Scranton,Scranton
55834,F,2015,Nashville,Nashville
42718,M,2015,Indianapolis,Indianapolis
187790,M,2015,Indianapolis,Indianapolis
192313,M,2015,Indianapolis,Indianapolis
142991,M,2015,Charleston,Charleston
210449,F,2015,Fargo,Fargo
108182,M,2015,Detroit,Detroit
44219,M,2015,Newark,Newark
5915,M,2015,Newark,Newark
72889,F,2015,Fargo,Fargo
152542,F,2015,Fargo,Fargo
151132,M,2015,Charleston,Charleston
21492,F,2015,Fargo,Fargo
113862,M,2015,Topeka,Topeka
164264,M,2015,Detroit,Detroit
96759,M,2015,Newark,Newark
202072,M,2015,Nashville,Nashville
47161,M,2015,Detroit,Detroit
17825,M,2015,Fargo,Fargo
54882,M,2015,Indianapolis,Indianapolis
146901,F,2015,Scranton,Scranton
192105,M,2015,Indianapolis,Indianapolis
66184,F,2015,Fargo,Fargo
46073,F,2015,Detroit,Detroit
135649,M,2015,Newark,Newark
44298,M,2015,Newark,Newark
197937,M,2015,Nashville,Nashville
64135,M,2015,Scranton,Scranton
51787,M,2015,Nashville,Nashville
84465,M,2015,Scranton,Scranton
212981,F,2015,Topeka,Topeka
69963,F,2015,Scranton,Scranton
48010,M,2015,Topeka,Topeka
13151,F,2015,Topeka,Topeka
172226,F,2015,Topeka,Topeka
72143,M,2015,Nashville,Nashville
209679,M,2015,Charleston,Charleston
81891,F,2015,Fargo,Fargo
31809,M,2015,Fargo,Fargo
185815,F,2015,Scranton,Scranton
13667,M,2015,Nashville,Nashville
98332,F,2015,Scranton,Scranton
114914,M,2015,Fargo,Fargo
93753,F,2015,Charleston,Charleston
60657,F,2015,Detroit,Detroit
125704,M,2015,Detroit,Detroit
207559,M,2015,Scranton,Scranton
156711,F,2015,Newark,Newark
37076,M,2015,Fargo,Fargo
115983,F,2015,Indianapolis,Indianapolis
158686,M,2015,Nashville,Nashville
56483,M,2015,Scranton,Scranton
190050,F,2015,Nashville,Nashville
76006,F,2015,Fargo,Fargo
182965,M,2015,Charleston,Charleston
181266,M,2015,Fargo,Fargo
214557,M,2015,Nashville,Nashville
69718,M,2015,Scranton,Scranton
22731,F,2015,Indianapolis,Indianapolis
187629,F,2015,Scranton,Scranton
199451,F,2015,Indianapolis,Indianapolis
126553,F,2015,Nashville,Nashville
111085,F,2015,Charleston,Charleston
34981,M,2015,Topeka,Topeka
58463,M,2015,Newark,Newark
80090,F,2015,Newark,Newark
164267,M,2015,Charleston,Charleston
162236,F,2015,Nashville,Nashville
192934,F,2015,Fargo,Fargo
1211,F,2015,Topeka,Topeka
213081,M,2015,Newark,Newark
15028,F,2015,Topeka,Topeka
12251,F,2015,Fargo,Fargo
2456,M,2015,Topeka,Topeka
200464,F,2015,Detroit,Detroit
34583,M,2015,Nashville,Nashville
204458,F,2015,Nashville,Nashville
81920,F,2015,Detroit,Detroit
46022,F,2015,Newark,Newark
41222,F,2015,Scranton,Scranton
100699,F,2015,Nashville,Nashville
25970,F,2015,Indianapolis,Indianapolis
184389,F,2015,Charleston,Charleston
151397,F,2015,Nashville,Nashville
205617,M,2015,Indianapolis,Indianapolis
205858,M,2015,Newark,Newark
152415,M,2015,Fargo,Fargo
214356,F,2015,Detroit,Detroit
177207,M,2015,Newark,Newark
171527,F,2015,Indianapolis,Indianapolis
103777,F,2015,Indianapolis,Indianapolis
179537,F,2015,Scranton,Scranton
20535,M,2015,Scranton,Scranton
122128,M,2015,Detroit,Detroit
28537,F,2015,Scranton,Scranton
197802,F,2015,Topeka,Topeka
32323,M,2015,Detroit,Detroit
196666,M,2015,Newark,Newark
95260,M,2015,Scranton,Scranton
21402,M,2015,Indianapolis,Indianapolis
48056,F,2015,Fargo,Fargo
111906,F,2015,Nashville,Nashville
101518,F,2015,Scranton,Scranton
60404,F,2015,Detroit,Detroit
211121,F,2015,Fargo,Fargo
196717,M,2015,Scranton,Scranton
36003,M,2015,Detroit,Detroit
198983,M,2015,Topeka,Topeka
159021,M,2015,Nashville,Nashville
44195,F,2015,Topeka,Topeka
52569,M,2015,Fargo,Fargo
43688,F,2015,Nashville,Nashville
69587,F,2015,Detroit,Detroit
60559,F,2015,Nashville,Nashville
24217,M,2015,Scranton,Scranton
123900,F,2015,Scranton,Scranton
78187,F,2015,Charleston,Charleston
139186,M,2015,Newark,Newark
139526,F,2015,Indianapolis,Indianapolis
